experiment,method,n_povs,noise_strength,n_samples,unified_score_mean,unified_score_std,mean_bbox_iou_mean,mean_bbox_iou_std,detection_f1_mean,detection_f1_std,count_accuracy_mean,count_accuracy_std
DN-Large,accumulation,0,,192,0.36143087211125396,0.11067424068350237,0.09274514378595143,0.13145117207324283,0.4248972958785478,0.20821835458540858,0.13033854166666667,0.2599599427021466
DN-Large,accumulation,1,,192,0.4032222074534504,0.14420658242044646,0.1450201527764282,0.21242712400957073,0.4638369502289487,0.23225985311014627,0.17385912698412698,0.2905407044785137
DN-Large,accumulation,2,,192,0.40110972798392036,0.12738698889645342,0.11938938612662438,0.17685967020540047,0.48717127333967064,0.23511380318214303,0.19298115079365077,0.28896554410526953
DN-Large,accumulation,3,,192,0.3870828161797128,0.11997025494536587,0.12461763904185774,0.18341262110366724,0.4370406749950632,0.21640815790692736,0.15772569444444443,0.24032664759325456
DN-Large,accumulation,4,,192,0.3800560933450692,0.10540390020733204,0.11613911312194858,0.14433695171655794,0.4352607924300102,0.20895271631546547,0.14520709325396827,0.2266505325086456
DN-Large,accumulation,5,,192,0.3869649933579981,0.11028099033773238,0.11702969502424619,0.17821806260261117,0.44865633108699604,0.21166121193435553,0.1628410218253968,0.24110606069652826
DN-Large,accumulation,6,,192,0.37663274166876265,0.10656682006425965,0.11647529245634507,0.16288452994059727,0.4335665311971881,0.2059272732131175,0.13389136904761903,0.2115886779719
DN-Large,accumulation,7,,192,0.37226162336123725,0.11316328117391218,0.11832826246999013,0.1632016765593457,0.43232232524666897,0.20752961501134862,0.1413876488095238,0.22882129545755137
DN-Large,refinement,0,0.5,192,0.36143087211125396,0.11067424068350237,0.09274514378595143,0.13145117207324283,0.4248972958785478,0.20821835458540858,0.13033854166666667,0.2599599427021466
DN-Large,refinement,0,0.8,192,0.36143087211125396,0.11067424068350237,0.09274514378595143,0.13145117207324283,0.4248972958785478,0.20821835458540858,0.13033854166666667,0.2599599427021466
DN-Large,refinement,1,0.5,192,0.3617387773502081,0.10290644195361617,0.09359422326753038,0.13167696255591016,0.4308617319389332,0.1961587147861516,0.13224826388888888,0.24888461239546997
DN-Large,refinement,1,0.8,192,0.37282343934323264,0.10292693635317772,0.09823200916682857,0.1372424838363057,0.44526385772359206,0.19977890999380876,0.13695436507936506,0.2482436982362945
DN-Large,refinement,2,0.5,192,0.37157604790041815,0.10325323821275087,0.09270981678082994,0.13128722572655424,0.4483218329222703,0.20026878904171724,0.14711061507936507,0.24663119125046132
DN-Large,refinement,2,0.8,192,0.3783831672831764,0.11904077225460427,0.10074050660934424,0.14357974191623557,0.4528671987737983,0.21555515873976466,0.17544022817460317,0.28234402191224434
DN-Large,refinement,3,0.5,192,0.37306607430313754,0.10441074449064097,0.09446110878510083,0.13130050231092713,0.44966456648717146,0.19731774838401223,0.16572420634920634,0.2602505735839235
DN-Large,refinement,3,0.8,192,0.37720951901040617,0.10399163158950503,0.10442816645577642,0.14679778225405185,0.4501511258346267,0.19145614998051333,0.15489831349206348,0.2516941015348957
DN-Large,refinement,4,0.5,192,0.37305539416974104,0.10286294815017262,0.09618303612611868,0.13468993492887976,0.4506995017495536,0.19591827568625567,0.1560019841269841,0.25276761778407897
DN-Large,refinement,4,0.8,192,0.3881605772747027,0.11394042770221831,0.104386084576417,0.14535541976845062,0.4583649772608192,0.20218458035040346,0.1985739087301587,0.28417091878160844
DN-Large,refinement,5,0.5,192,0.3801661423868594,0.11575839260707517,0.09371123043101659,0.12868857291092195,0.4580183703103305,0.20813817825076064,0.17757936507936503,0.28357867433082223
DN-Large,refinement,5,0.8,192,0.39104772103194724,0.1160088958953291,0.10031666735065818,0.1451950922830708,0.4755837866179771,0.20727845094899996,0.17395833333333333,0.27986980525553007
DN-Large,refinement,6,0.5,192,0.3738760212734169,0.11102588972563114,0.09446824543938205,0.12825497837275446,0.45327649013336035,0.20818796269403858,0.16548239087301586,0.2700563475642012
DN-Large,refinement,6,0.8,192,0.3907914345639871,0.12239992169961636,0.10218615501333361,0.13914266355467064,0.46988538411471925,0.20927754913356056,0.19428943452380953,0.2951221749457715
DN-Large,refinement,7,0.5,192,0.3822636621969672,0.12029964960115025,0.0934765906691936,0.12869295411366838,0.4669106747197125,0.21986258405929504,0.1818390376984127,0.28672394546423036
DN-Large,refinement,7,0.8,192,0.38674881288309054,0.11954861169609411,0.1061125120673637,0.14217395831677082,0.46170391495752616,0.20692288510472073,0.1813492063492063,0.28966889252913336
DN-Large,accumulation,0,,192,0.36143087211125396,0.11067424068350237,0.09274514378595143,0.13145117207324283,0.4248972958785478,0.20821835458540858,0.13033854166666667,0.2599599427021466
DN-Large,accumulation,1,,192,0.4032222074534504,0.14420658242044646,0.1450201527764282,0.21242712400957073,0.4638369502289487,0.23225985311014627,0.17385912698412698,0.2905407044785137
DN-Large,accumulation,2,,192,0.40110972798392036,0.12738698889645342,0.11938938612662438,0.17685967020540047,0.48717127333967064,0.23511380318214303,0.19298115079365077,0.28896554410526953
DN-Large,accumulation,3,,192,0.3870828161797128,0.11997025494536587,0.12461763904185774,0.18341262110366724,0.4370406749950632,0.21640815790692736,0.15772569444444443,0.24032664759325456
DN-Large,accumulation,4,,192,0.3800560933450692,0.10540390020733204,0.11613911312194858,0.14433695171655794,0.4352607924300102,0.20895271631546547,0.14520709325396827,0.2266505325086456
DN-Large,accumulation,5,,192,0.3869649933579981,0.11028099033773238,0.11702969502424619,0.17821806260261117,0.44865633108699604,0.21166121193435553,0.1628410218253968,0.24110606069652826
DN-Large,accumulation,6,,192,0.37663274166876265,0.10656682006425965,0.11647529245634507,0.16288452994059727,0.4335665311971881,0.2059272732131175,0.13389136904761903,0.2115886779719
DN-Large,accumulation,7,,192,0.37226162336123725,0.11316328117391218,0.11832826246999013,0.1632016765593457,0.43232232524666897,0.20752961501134862,0.1413876488095238,0.22882129545755137
DN-Large,refinement,0,0.5,192,0.36143087211125396,0.11067424068350237,0.09274514378595143,0.13145117207324283,0.4248972958785478,0.20821835458540858,0.13033854166666667,0.2599599427021466
DN-Large,refinement,0,0.8,192,0.36143087211125396,0.11067424068350237,0.09274514378595143,0.13145117207324283,0.4248972958785478,0.20821835458540858,0.13033854166666667,0.2599599427021466
DN-Large,refinement,1,0.5,192,0.3617387773502081,0.10290644195361617,0.09359422326753038,0.13167696255591016,0.4308617319389332,0.1961587147861516,0.13224826388888888,0.24888461239546997
DN-Large,refinement,1,0.8,192,0.37282343934323264,0.10292693635317772,0.09823200916682857,0.1372424838363057,0.44526385772359206,0.19977890999380876,0.13695436507936506,0.2482436982362945
DN-Large,refinement,2,0.5,192,0.37157604790041815,0.10325323821275087,0.09270981678082994,0.13128722572655424,0.4483218329222703,0.20026878904171724,0.14711061507936507,0.24663119125046132
DN-Large,refinement,2,0.8,192,0.3783831672831764,0.11904077225460427,0.10074050660934424,0.14357974191623557,0.4528671987737983,0.21555515873976466,0.17544022817460317,0.28234402191224434
DN-Large,refinement,3,0.5,192,0.37306607430313754,0.10441074449064097,0.09446110878510083,0.13130050231092713,0.44966456648717146,0.19731774838401223,0.16572420634920634,0.2602505735839235
DN-Large,refinement,3,0.8,192,0.37720951901040617,0.10399163158950503,0.10442816645577642,0.14679778225405185,0.4501511258346267,0.19145614998051333,0.15489831349206348,0.2516941015348957
DN-Large,refinement,4,0.5,192,0.37305539416974104,0.10286294815017262,0.09618303612611868,0.13468993492887976,0.4506995017495536,0.19591827568625567,0.1560019841269841,0.25276761778407897
DN-Large,refinement,4,0.8,192,0.3881605772747027,0.11394042770221831,0.104386084576417,0.14535541976845062,0.4583649772608192,0.20218458035040346,0.1985739087301587,0.28417091878160844
DN-Large,refinement,5,0.5,192,0.3801661423868594,0.11575839260707517,0.09371123043101659,0.12868857291092195,0.4580183703103305,0.20813817825076064,0.17757936507936503,0.28357867433082223
DN-Large,refinement,5,0.8,192,0.39104772103194724,0.1160088958953291,0.10031666735065818,0.1451950922830708,0.4755837866179771,0.20727845094899996,0.17395833333333333,0.27986980525553007
DN-Large,refinement,6,0.5,192,0.3738760212734169,0.11102588972563114,0.09446824543938205,0.12825497837275446,0.45327649013336035,0.20818796269403858,0.16548239087301586,0.2700563475642012
DN-Large,refinement,6,0.8,192,0.3907914345639871,0.12239992169961636,0.10218615501333361,0.13914266355467064,0.46988538411471925,0.20927754913356056,0.19428943452380953,0.2951221749457715
DN-Large,refinement,7,0.5,192,0.3822636621969672,0.12029964960115025,0.0934765906691936,0.12869295411366838,0.4669106747197125,0.21986258405929504,0.1818390376984127,0.28672394546423036
DN-Large,refinement,7,0.8,192,0.38674881288309054,0.11954861169609411,0.1061125120673637,0.14217395831677082,0.46170391495752616,0.20692288510472073,0.1813492063492063,0.28966889252913336
DN-Large (Graph),accumulation,0,,192,0.3393116715992735,0.1099459058208554,0.08846141572907253,0.13909763493208666,0.38398527432457547,0.21306635003313595,0.12020709325396824,0.21344207857921133
DN-Large (Graph),accumulation,1,,192,0.3364345270428201,0.08610163381858274,0.07511996572607992,0.12107042835317636,0.3759589910744186,0.20082053429995825,0.10359002976190475,0.19451242283786963
DN-Large (Graph),accumulation,2,,192,0.34769128406786437,0.09150989540447826,0.07116308671890488,0.1271613917048075,0.3920820007035588,0.1956379638340766,0.11130952380952379,0.21267120809240034
DN-Large (Graph),accumulation,3,,192,0.33747223588619263,0.07826388164296147,0.06529907404391393,0.11428455616820106,0.3606832085675509,0.16794325606858931,0.09409722222222222,0.16292915625489854
DN-Large (Graph),accumulation,4,,192,0.3450382217298789,0.09466447818153698,0.07631756414737308,0.1176338967746105,0.3919471291416736,0.19853851269805922,0.09799107142857143,0.19600878835463176
DN-Large (Graph),accumulation,5,,192,0.34152780786179715,0.08578087423173332,0.0844966627090314,0.1339876688798822,0.3771088375137124,0.16934292628646477,0.11103050595238094,0.20365583630645567
DN-Large (Graph),accumulation,6,,192,0.3477456635813811,0.09074295367714182,0.08716671529438107,0.1366323288888824,0.38415196657683454,0.1885979294886496,0.09706721230158731,0.18092215202684458
DN-Large (Graph),accumulation,7,,192,0.34917408530234767,0.10056585875204374,0.088153903361521,0.13021526474109504,0.3919680384739917,0.20076856595198284,0.11101810515873016,0.2184703951235182
DN-Large (Graph),refinement,0,0.5,192,0.3393116715992735,0.1099459058208554,0.08846141572907253,0.13909763493208666,0.38398527432457547,0.21306635003313595,0.12020709325396824,0.21344207857921133
DN-Large (Graph),refinement,0,0.8,192,0.3393116715992735,0.1099459058208554,0.08846141572907253,0.13909763493208666,0.38398527432457547,0.21306635003313595,0.12020709325396824,0.21344207857921133
DN-Large (Graph),refinement,1,0.5,192,0.339575058948321,0.11037890532851741,0.09305290322547073,0.13981289979809808,0.39102551939494606,0.21305639179824618,0.12781498015873013,0.21109930566774757
DN-Large (Graph),refinement,1,0.8,192,0.34232390653299466,0.10365268179983161,0.0895360236529979,0.13665964481612233,0.38827984351150496,0.19792880143262148,0.10884796626984126,0.21083795794817606
DN-Large (Graph),refinement,2,0.5,192,0.34014546172103716,0.11223169694739504,0.09285705002936002,0.140245287081821,0.39466227762863193,0.21031016237969516,0.1276971726190476,0.22874639220530893
DN-Large (Graph),refinement,2,0.8,192,0.34731131918185937,0.11224878201335516,0.09273324978346846,0.13929250429869464,0.39411416869338317,0.2028600449848074,0.12292286706349205,0.23678755350162273
DN-Large (Graph),refinement,3,0.5,192,0.3440819101228792,0.1125166907135664,0.09085774560036503,0.13714470140201193,0.4026499600439917,0.21626758359039658,0.1315724206349206,0.21732036908798305
DN-Large (Graph),refinement,3,0.8,192,0.34195410530706916,0.1048715019955979,0.08596537341876775,0.13673841664152886,0.38813481638260455,0.19218862023878652,0.11251240079365077,0.22136559683815607
DN-Large (Graph),refinement,4,0.5,192,0.3450362967843407,0.11099283493586476,0.09322693778699757,0.1418219156662354,0.40668239790471206,0.22258528519712079,0.13165302579365076,0.21929663090471796
DN-Large (Graph),refinement,4,0.8,192,0.3517437552494937,0.11089133129683613,0.08488842442540435,0.13308072544951388,0.39097053396397324,0.2070471098889864,0.13692956349206345,0.24111719598835696
DN-Large (Graph),refinement,5,0.5,192,0.3393274369436417,0.10987631965742765,0.09146215825191327,0.13989527436513996,0.39583150290474217,0.21254176405870687,0.11849578373015872,0.2143081469876604
DN-Large (Graph),refinement,5,0.8,192,0.3495237231024577,0.10469523700186263,0.0882453455435707,0.13641584816187566,0.38784937490518995,0.19832275733238247,0.1277219742063492,0.2191708060926289
DN-Large (Graph),refinement,6,0.5,192,0.3417313191787126,0.10485573714080183,0.08942929863635067,0.13763261846836147,0.4037581633271765,0.20813394583799336,0.11551339285714285,0.19558757912458707
DN-Large (Graph),refinement,6,0.8,192,0.34233298557705966,0.10721187334016942,0.09004004594825377,0.139944636816514,0.3753552996136862,0.19333596594122687,0.10670882936507936,0.2199428890558078
DN-Large (Graph),refinement,7,0.5,192,0.3402310774255577,0.10559196121192772,0.08855885466757102,0.1372162958241827,0.3913330012639425,0.20816321408921495,0.12769097222222223,0.2071565220428521
DN-Large (Graph),refinement,7,0.8,192,0.3452376197882286,0.11175190754998424,0.08969299669327835,0.14046424564618637,0.3844956710708418,0.20395889546061366,0.103937251984127,0.22844415303635354
DN-Large (Graph),accumulation,0,,192,0.3393116715992735,0.1099459058208554,0.08846141572907253,0.13909763493208666,0.38398527432457547,0.21306635003313595,0.12020709325396824,0.21344207857921133
DN-Large (Graph),accumulation,1,,192,0.3364345270428201,0.08610163381858274,0.07511996572607992,0.12107042835317636,0.3759589910744186,0.20082053429995825,0.10359002976190475,0.19451242283786963
DN-Large (Graph),accumulation,2,,192,0.34769128406786437,0.09150989540447826,0.07116308671890488,0.1271613917048075,0.3920820007035588,0.1956379638340766,0.11130952380952379,0.21267120809240034
DN-Large (Graph),accumulation,3,,192,0.33747223588619263,0.07826388164296147,0.06529907404391393,0.11428455616820106,0.3606832085675509,0.16794325606858931,0.09409722222222222,0.16292915625489854
DN-Large (Graph),accumulation,4,,192,0.3450382217298789,0.09466447818153698,0.07631756414737308,0.1176338967746105,0.3919471291416736,0.19853851269805922,0.09799107142857143,0.19600878835463176
DN-Large (Graph),accumulation,5,,192,0.34152780786179715,0.08578087423173332,0.0844966627090314,0.1339876688798822,0.3771088375137124,0.16934292628646477,0.11103050595238094,0.20365583630645567
DN-Large (Graph),accumulation,6,,192,0.3477456635813811,0.09074295367714182,0.08716671529438107,0.1366323288888824,0.38415196657683454,0.1885979294886496,0.09706721230158731,0.18092215202684458
DN-Large (Graph),accumulation,7,,192,0.34917408530234767,0.10056585875204374,0.088153903361521,0.13021526474109504,0.3919680384739917,0.20076856595198284,0.11101810515873016,0.2184703951235182
DN-Large (Graph),refinement,0,0.5,192,0.3393116715992735,0.1099459058208554,0.08846141572907253,0.13909763493208666,0.38398527432457547,0.21306635003313595,0.12020709325396824,0.21344207857921133
DN-Large (Graph),refinement,0,0.8,192,0.3393116715992735,0.1099459058208554,0.08846141572907253,0.13909763493208666,0.38398527432457547,0.21306635003313595,0.12020709325396824,0.21344207857921133
DN-Large (Graph),refinement,1,0.5,192,0.339575058948321,0.11037890532851741,0.09305290322547073,0.13981289979809808,0.39102551939494606,0.21305639179824618,0.12781498015873013,0.21109930566774757
DN-Large (Graph),refinement,1,0.8,192,0.34232390653299466,0.10365268179983161,0.0895360236529979,0.13665964481612233,0.38827984351150496,0.19792880143262148,0.10884796626984126,0.21083795794817606
DN-Large (Graph),refinement,2,0.5,192,0.34014546172103716,0.11223169694739504,0.09285705002936002,0.140245287081821,0.39466227762863193,0.21031016237969516,0.1276971726190476,0.22874639220530893
DN-Large (Graph),refinement,2,0.8,192,0.34731131918185937,0.11224878201335516,0.09273324978346846,0.13929250429869464,0.39411416869338317,0.2028600449848074,0.12292286706349205,0.23678755350162273
DN-Large (Graph),refinement,3,0.5,192,0.3440819101228792,0.1125166907135664,0.09085774560036503,0.13714470140201193,0.4026499600439917,0.21626758359039658,0.1315724206349206,0.21732036908798305
DN-Large (Graph),refinement,3,0.8,192,0.34195410530706916,0.1048715019955979,0.08596537341876775,0.13673841664152886,0.38813481638260455,0.19218862023878652,0.11251240079365077,0.22136559683815607
DN-Large (Graph),refinement,4,0.5,192,0.3450362967843407,0.11099283493586476,0.09322693778699757,0.1418219156662354,0.40668239790471206,0.22258528519712079,0.13165302579365076,0.21929663090471796
DN-Large (Graph),refinement,4,0.8,192,0.3517437552494937,0.11089133129683613,0.08488842442540435,0.13308072544951388,0.39097053396397324,0.2070471098889864,0.13692956349206345,0.24111719598835696
DN-Large (Graph),refinement,5,0.5,192,0.3393274369436417,0.10987631965742765,0.09146215825191327,0.13989527436513996,0.39583150290474217,0.21254176405870687,0.11849578373015872,0.2143081469876604
DN-Large (Graph),refinement,5,0.8,192,0.3495237231024577,0.10469523700186263,0.0882453455435707,0.13641584816187566,0.38784937490518995,0.19832275733238247,0.1277219742063492,0.2191708060926289
DN-Large (Graph),refinement,6,0.5,192,0.3417313191787126,0.10485573714080183,0.08942929863635067,0.13763261846836147,0.4037581633271765,0.20813394583799336,0.11551339285714285,0.19558757912458707
DN-Large (Graph),refinement,6,0.8,192,0.34233298557705966,0.10721187334016942,0.09004004594825377,0.139944636816514,0.3753552996136862,0.19333596594122687,0.10670882936507936,0.2199428890558078
DN-Large (Graph),refinement,7,0.5,192,0.3402310774255577,0.10559196121192772,0.08855885466757102,0.1372162958241827,0.3913330012639425,0.20816321408921495,0.12769097222222223,0.2071565220428521
DN-Large (Graph),refinement,7,0.8,192,0.3452376197882286,0.11175190754998424,0.08969299669327835,0.14046424564618637,0.3844956710708418,0.20395889546061366,0.103937251984127,0.22844415303635354
DN-Large (POV),accumulation,0,,157,0.2528083574290263,0.06318579061870676,0.016890293426297248,0.025795610601846083,0.19412854031563573,0.1619941641340852,0.017212617531088867,0.04409554417803931
DN-Large (POV),accumulation,1,,157,0.32964591896695794,0.1123939860412728,0.09169232786767938,0.14926044378915093,0.359536991605222,0.21004502430208424,0.10221413406126782,0.1901402839123256
DN-Large (POV),accumulation,2,,157,0.315518839064959,0.09512888072152431,0.0727655332546022,0.11622400744336747,0.3583167791044045,0.20945375991821688,0.07466636336063087,0.14586586903730828
DN-Large (POV),accumulation,3,,157,0.32432142122183355,0.09571889981801973,0.07356197106491445,0.12793685138766048,0.3397661000866822,0.2039702223307635,0.08629814983318168,0.16448647164146424
DN-Large (POV),accumulation,4,,157,0.31972961995485,0.10597938426241152,0.0774347517995527,0.13338913446143835,0.35960492028032487,0.21159089383637386,0.08622990597512888,0.18839205658897387
DN-Large (POV),accumulation,5,,157,0.32260366231071846,0.09443146547757153,0.06856212480687925,0.1285525314183135,0.3612432512444499,0.20267613234066084,0.07748710949347891,0.16220033664718497
DN-Large (POV),accumulation,6,,157,0.31966633107717957,0.09670929585190427,0.06530079153636738,0.1048296393061546,0.35683997998936684,0.20413314062419036,0.07728237791932059,0.17927238096855272
DN-Large (POV),accumulation,7,,157,0.30428758277496615,0.09660082525493419,0.07091985683414026,0.1290467484756122,0.33712686069162573,0.19811348396489728,0.07523506217773733,0.1388239713642302
DN-Large (POV),refinement,0,0.5,157,0.2528083574290263,0.06318579061870676,0.016890293426297248,0.025795610601846083,0.19412854031563573,0.1619941641340852,0.017212617531088867,0.04409554417803931
DN-Large (POV),refinement,0,0.8,156,0.25245370302698117,0.06323232573263397,0.01695028213787867,0.025867699634652894,0.19317335624777465,0.16207173062553806,0.01732295482295482,0.04421581100625849
DN-Large (POV),refinement,1,0.5,157,0.25536811903268863,0.06378595609354312,0.0170996077251685,0.02503629936428666,0.2122585185173896,0.17080128282042054,0.024340309372156504,0.05943742127116331
DN-Large (POV),refinement,1,0.8,156,0.2640289856215104,0.06488462288558251,0.022642985102449158,0.02890267264160211,0.24870800009728036,0.18099913690333777,0.02266483516483516,0.06602069149957411
DN-Large (POV),refinement,2,0.5,157,0.2568355818253727,0.06257892470463837,0.020364945231403607,0.02866303578775734,0.22458776885934362,0.17398205235376335,0.017857142857142856,0.04873632051898192
DN-Large (POV),refinement,2,0.8,156,0.2729748400597751,0.06671085822425227,0.023762273905468676,0.033452390663919626,0.2663390910349626,0.1856808922913573,0.039140720390720384,0.07725321406897256
DN-Large (POV),refinement,3,0.5,157,0.26057265376765243,0.06588078765141554,0.018178914398801302,0.0232032543322118,0.23410216567563422,0.1778908059845511,0.029003639672429478,0.060232073311713895
DN-Large (POV),refinement,3,0.8,156,0.27617563089860947,0.06424449502006097,0.02328613122237542,0.032404893033672603,0.2839632031153033,0.18570693891652207,0.0422542735042735,0.0792557935630377
DN-Large (POV),refinement,4,0.5,157,0.2607782023405356,0.06583732962674547,0.01838665019561233,0.024147856040343002,0.24118978030711596,0.1820234173732017,0.02797998180163785,0.062120793365914286
DN-Large (POV),refinement,4,0.8,156,0.2767370107817689,0.06442302079161513,0.026767215401435285,0.04123843922582034,0.2904173695555846,0.18920713420891513,0.041666666666666664,0.08253125080018102
DN-Large (POV),refinement,5,0.5,157,0.2627075564674789,0.06458485992071628,0.01890853245851604,0.02515141416686553,0.24593086220299554,0.18361329614454416,0.021155595996360323,0.05150238490003608
DN-Large (POV),refinement,5,0.8,156,0.27665288606922983,0.06200686290948435,0.030513971804505574,0.04393910201053936,0.2825226658179379,0.18189809089897832,0.037820512820512825,0.07913784180709985
DN-Large (POV),refinement,6,0.5,157,0.2637646328746672,0.06722434383667966,0.01855322914169769,0.02390906619603874,0.2510266655925675,0.18357563633976942,0.031543827722171666,0.06944378477845872
DN-Large (POV),refinement,6,0.8,156,0.2825021435066083,0.0648426998000209,0.02961443524791357,0.04250786338972574,0.2906797143141659,0.17664550946518445,0.05016788766788766,0.08330792334982227
DN-Large (POV),refinement,7,0.5,157,0.2639402597780144,0.06559014525065479,0.02061819896332778,0.025986915706202617,0.25238335876888,0.1880851391912228,0.022444646648468302,0.05763514910246103
DN-Large (POV),refinement,7,0.8,156,0.2760877850532222,0.06453623102983262,0.03120971261073719,0.046682433575636464,0.2885198943023002,0.1823455982382207,0.040750915750915745,0.07710589732011812
DN-Large (POV),accumulation,0,,192,0.24970317969856856,0.0642936798523458,0.016283030763136083,0.023853860211035173,0.18918770306326163,0.16303259724386085,0.015376984126984126,0.04192335247892688
DN-Large (POV),accumulation,1,,192,0.3336593406934951,0.11165836214819633,0.1056776168422983,0.16954234910053956,0.3610475161782561,0.2050072243748706,0.0989893353174603,0.18501899159516272
DN-Large (POV),accumulation,2,,192,0.31413048091309137,0.09324871688861472,0.0715530912409079,0.11234067262844538,0.35394962732058316,0.20668259087593707,0.07726934523809523,0.14431402865651655
DN-Large (POV),accumulation,3,,192,0.32625263496088264,0.09386545946315271,0.07566738638714299,0.12713437908084058,0.3409156476178444,0.2014742139361768,0.08839285714285712,0.1626871120807629
DN-Large (POV),accumulation,4,,192,0.32120263437232266,0.10714364451446239,0.07952419586585754,0.13109708616074148,0.35389675670199533,0.21337010365896503,0.09291294642857141,0.2009969353862592
DN-Large (POV),accumulation,5,,192,0.3181831698308385,0.09504133938975365,0.06982430771441912,0.1291390751338536,0.3502251837603616,0.20157995745030313,0.0784908234126984,0.15902496173059527
DN-Large (POV),accumulation,6,,192,0.31656007552361404,0.09840383198627461,0.0692494033870495,0.10934423125037292,0.3496807676408064,0.20347378242441277,0.072625248015873,0.16919216386940136
DN-Large (POV),accumulation,7,,192,0.3044009380146621,0.09293114396941661,0.07031306338745545,0.12203718271073428,0.3350570295981609,0.19500896039559396,0.07407614087301587,0.1383819574471436
DN-Large (POV),refinement,0,0.5,192,0.24970317969856856,0.0642936798523458,0.016283030763136083,0.023853860211035173,0.18918770306326163,0.16303259724386085,0.015376984126984126,0.04192335247892688
DN-Large (POV),refinement,0,0.8,192,0.24970317969856856,0.0642936798523458,0.016283030763136083,0.023853860211035173,0.18918770306326163,0.16303259724386085,0.015376984126984126,0.04192335247892688
DN-Large (POV),refinement,1,0.5,192,0.2523769718508188,0.06524456540574299,0.01686759338082405,0.023348037686858787,0.2072698864915327,0.17089110486156747,0.023902529761904757,0.057567182603051256
DN-Large (POV),refinement,1,0.8,192,0.26199099218092314,0.06553625732109795,0.021978396512554104,0.028097985720842333,0.24601079483830154,0.18314524981688188,0.02111235119047619,0.06343948493845539
DN-Large (POV),refinement,2,0.5,192,0.2546814155891826,0.06481810218323036,0.01976797289338553,0.0267445565669862,0.21991253885849357,0.17614331884386697,0.01878720238095238,0.04912484665351481
DN-Large (POV),refinement,2,0.8,192,0.2703168978389164,0.0681838042391145,0.024875754961988534,0.03374255202584828,0.2620843975596753,0.18637622886568747,0.0392423115079365,0.07539921299874106
DN-Large (POV),refinement,3,0.5,192,0.25740386007900046,0.06792096732995923,0.018165134866657193,0.022171392502325027,0.2279434017245869,0.17733460755580835,0.027808779761904757,0.058464660879259854
DN-Large (POV),refinement,3,0.8,192,0.273359732507332,0.06653049552384424,0.023718420619683534,0.03106929990748398,0.27916880266155103,0.18852827445970027,0.04217509920634919,0.077589040884288
DN-Large (POV),refinement,4,0.5,192,0.25805047014536525,0.06731817749432732,0.018423681685120052,0.02306266043702624,0.23555807056608802,0.18220066689740677,0.027808779761904757,0.060751989109838214
DN-Large (POV),refinement,4,0.8,192,0.2734161777601545,0.06520093219271879,0.027215385178476895,0.03942117652424176,0.283472053606799,0.19118055039544457,0.03803943452380952,0.07782640222041878
DN-Large (POV),refinement,5,0.5,192,0.2600334287280444,0.06711613071479633,0.01890993153708854,0.024174125809347354,0.2410961037442254,0.18383947009999402,0.024832589285714284,0.05693596740036164
DN-Large (POV),refinement,5,0.8,192,0.27423799438263763,0.06476478113786947,0.030932217406218935,0.045206249666555294,0.2809762509356295,0.18514385179211665,0.03522445436507936,0.07521988039999201
DN-Large (POV),refinement,6,0.5,192,0.2607378412725714,0.068598867431809,0.01844134114077381,0.023083989270000112,0.24584389041831742,0.18504736354707135,0.030443948412698412,0.06772185220923634
DN-Large (POV),refinement,6,0.8,192,0.27930465995313003,0.06570857812766308,0.030224508383612892,0.04259171828169394,0.2870248024154479,0.17874472575161837,0.04572172619047619,0.07920014656294296
DN-Large (POV),refinement,7,0.5,192,0.26116961382658777,0.06773749730846639,0.020328219260887005,0.02495039965298458,0.24671824417451416,0.188184742382593,0.024491567460317457,0.06052124776714473
DN-Large (POV),refinement,7,0.8,192,0.27399997300258927,0.0671418385948201,0.032513969709215315,0.05153907177209956,0.28800330525374557,0.18677669749339149,0.03822544642857142,0.07656715424949541
WS-Large,accumulation,0,,168,0.3774088849814685,0.10782058608299344,0.12751411555332542,0.175655545116692,0.4408806056974903,0.20936174591080162,0.1469600340136054,0.24765197267067565
WS-Large,accumulation,1,,168,0.39737923570361794,0.11850647846892272,0.1446856516331947,0.2148366729672843,0.46997200779382003,0.21139619553609115,0.14464994331065756,0.2354804739770339
WS-Large,accumulation,2,,168,0.3964775562281201,0.11666975853326196,0.11800290693585219,0.16542591311497062,0.48681023624357067,0.22677845872286403,0.16914682539682538,0.29484309675921566
WS-Large,accumulation,3,,168,0.3843806707144689,0.10164821085459835,0.12408657194140359,0.1831770328560602,0.4428309177975402,0.20656032120821152,0.1443877551020408,0.21817215671093584
WS-Large,accumulation,4,,168,0.3861930691102045,0.11366080280368983,0.13874894928932438,0.1889884749882196,0.4591498006331943,0.20196326464776726,0.15653344671201813,0.24347905032372485
WS-Large,accumulation,5,,168,0.381659209086769,0.09980460516619195,0.11205735796080647,0.1646660862903746,0.45044882681655013,0.20547738034424484,0.1458049886621315,0.20911440418842717
WS-Large,accumulation,6,,168,0.38356999043615464,0.1274980356840842,0.12483050176893752,0.17454049608085867,0.45168301161112157,0.22755701711315335,0.16384637188208617,0.2676778558973303
WS-Large,accumulation,7,,168,0.3709162352796488,0.11194143979591555,0.12151363328821366,0.17874152205401603,0.4284575760682241,0.20664186418659342,0.129343820861678,0.22292398249381853
WS-Large,refinement,0,0.5,168,0.3774088849814685,0.10782058608299344,0.12751411555332542,0.175655545116692,0.4408806056974903,0.20936174591080162,0.1469600340136054,0.24765197267067565
WS-Large,refinement,0,0.8,168,0.3774088849814685,0.10782058608299344,0.12751411555332542,0.175655545116692,0.4408806056974903,0.20936174591080162,0.1469600340136054,0.24765197267067565
WS-Large,refinement,1,0.5,168,0.3843769930930632,0.11606705247394425,0.13477160492201762,0.18336456192795264,0.46185688041188605,0.20281815931820477,0.1633999433106576,0.2756774779210836
WS-Large,refinement,1,0.8,168,0.38303775302346227,0.1186889088934264,0.12957128904199622,0.17023902715755698,0.4518900890260272,0.20641100813960886,0.16278344671201814,0.26414754510656013
WS-Large,refinement,2,0.5,168,0.3858986677381429,0.11728014256587872,0.12914167758564887,0.17740270653828086,0.46012064129008234,0.20744920006458142,0.1665391156462585,0.2676824363149622
WS-Large,refinement,2,0.8,168,0.3896396258611642,0.1247238511553065,0.12207413946262277,0.16732137664112595,0.4644972850298327,0.21241071650077964,0.1918579931972789,0.27888187763545197
WS-Large,refinement,3,0.5,168,0.38631959728035853,0.11733818698350128,0.12770885440732685,0.17120856593284733,0.4623210163167096,0.20365927238331574,0.1720379818594104,0.2785737434709188
WS-Large,refinement,3,0.8,168,0.3885735043661495,0.11793963525138028,0.12451168752969083,0.17307020670409512,0.4620975614212154,0.20979685962942826,0.1829010770975057,0.2638970940848606
WS-Large,refinement,4,0.5,168,0.3867576153061459,0.11799718192722397,0.13337003039798437,0.17685125314206201,0.4678262679743566,0.20834451436620524,0.16477465986394554,0.26164983349505677
WS-Large,refinement,4,0.8,168,0.39486695239436304,0.11623892990285253,0.12502710698989344,0.17667167820213073,0.47099255787165056,0.21599313196308856,0.1933956916099773,0.2629247515649069
WS-Large,refinement,5,0.5,168,0.3787684527307648,0.10410575439830709,0.13291557220321792,0.17473356319354358,0.459601905911495,0.20175492488596145,0.14741354875283447,0.22376253825763504
WS-Large,refinement,5,0.8,168,0.3906101376309364,0.11526015038350687,0.12212661028153643,0.17265905159293257,0.4681766110791695,0.19982617944745845,0.18749291383219951,0.26981942879040355
WS-Large,refinement,6,0.5,168,0.38852173778022253,0.11927778302162163,0.13374397505022662,0.17549575894059763,0.463654441630681,0.21446372695258306,0.1710955215419501,0.27810926807093633
WS-Large,refinement,6,0.8,168,0.3956360820292322,0.12463204067011938,0.12715399531613392,0.17603606457168763,0.47677779326913317,0.22634976925794448,0.19201388888888887,0.28031807598771
WS-Large,refinement,7,0.5,168,0.3950159087459295,0.12740648261955845,0.1303416113417981,0.17223644168672939,0.4825432258451509,0.2163649679207147,0.182468820861678,0.2978380916879551
WS-Large,refinement,7,0.8,168,0.3923960811232682,0.12343206220360771,0.1292903936188409,0.17783052915877076,0.47463025196896036,0.21298347654054528,0.17645266439909296,0.279919597294624
WS-Large,accumulation,0,,192,0.376108073895455,0.1037936035192497,0.1284519588932276,0.17313301175266999,0.4352547653314698,0.20604491746513398,0.13629712301587302,0.23619605269882313
WS-Large,accumulation,1,,192,0.3962249489050657,0.11385375269694478,0.14255923796730266,0.20947107027961814,0.46411324199928566,0.2072478697840538,0.14156125992063492,0.22715522541939479
WS-Large,accumulation,2,,192,0.39461186054819813,0.11261709977198248,0.11608316013322194,0.16047164069295752,0.48091324738269914,0.22253187022243895,0.16191096230158727,0.2817421441604743
WS-Large,accumulation,3,,192,0.38402132052608073,0.1005015438082212,0.12199985611951077,0.1772165547129772,0.4436929004786123,0.20646944447500326,0.1421812996031746,0.21477431760252422
WS-Large,accumulation,4,,192,0.38399932825635985,0.1108386588286028,0.13597575143456647,0.18251981723509686,0.4449319639506408,0.20752688356615467,0.1517733134920635,0.23494579280012054
WS-Large,accumulation,5,,192,0.3824950576555195,0.09935595120209813,0.1159511248957064,0.17226582250421263,0.4510718400718227,0.20189018400590783,0.14830729166666665,0.21195967447913575
WS-Large,accumulation,6,,192,0.38465930011564237,0.12465612738706854,0.12351139901344314,0.16939326861033913,0.45144755545796206,0.2268078608276987,0.1627046130952381,0.26370545401797735
WS-Large,accumulation,7,,192,0.37027814437888723,0.1072937960763098,0.12490774509247399,0.1775699273339049,0.42892850893858525,0.20621634384173085,0.12435515873015872,0.21581306401358633
WS-Large,refinement,0,0.5,192,0.376108073895455,0.1037936035192497,0.1284519588932276,0.17313301175266999,0.4352547653314698,0.20604491746513398,0.13629712301587302,0.23619605269882313
WS-Large,refinement,0,0.8,192,0.376108073895455,0.1037936035192497,0.1284519588932276,0.17313301175266999,0.4352547653314698,0.20604491746513398,0.13629712301587302,0.23619605269882313
WS-Large,refinement,1,0.5,192,0.3834099324853491,0.11289848221624617,0.13223721062370025,0.1803682367052756,0.4561289736540235,0.20425465938352202,0.15615699404761904,0.2624802064351981
WS-Large,refinement,1,0.8,192,0.3826106362590898,0.11681141850888363,0.130024803897445,0.16890981669243454,0.4470957617776195,0.20311030531221716,0.156218998015873,0.25812190935723683
WS-Large,refinement,2,0.5,192,0.38464886943804827,0.11373904850549295,0.1289241690895527,0.17569832667402419,0.4548093950344326,0.2064817881656512,0.15538194444444445,0.25500204671895094
WS-Large,refinement,2,0.8,192,0.3894565078800938,0.12069756463660047,0.12363788967001625,0.1690276134060988,0.4642607896848376,0.20471988467802674,0.18136160714285712,0.2679868423697429
WS-Large,refinement,3,0.5,192,0.3848991842920098,0.11341158297952188,0.12834881616427143,0.17080227814397075,0.4572709175493897,0.2028240066439109,0.1621341765873016,0.26674203285123294
WS-Large,refinement,3,0.8,192,0.3900337779991778,0.11632686011925421,0.12613845982667019,0.17353473109818976,0.4638354887265262,0.20596794394839812,0.18137400793650796,0.2602908604358046
WS-Large,refinement,4,0.5,192,0.38533448196205483,0.11424545876122601,0.13294911612931307,0.17540789668495688,0.4634164422189519,0.20504152774617526,0.15546874999999996,0.2511703782912027
WS-Large,refinement,4,0.8,192,0.39390804532437246,0.11308514541806397,0.12621815562571215,0.17737202374517858,0.47017817360512937,0.21008203611281856,0.1858692956349206,0.25465344367516285
WS-Large,refinement,5,0.5,192,0.37909702751745966,0.10241252114198013,0.13290992933607756,0.171442674096956,0.460214931163335,0.1983542308490997,0.14128224206349205,0.21814177781133104
WS-Large,refinement,5,0.8,192,0.3897318300247297,0.11341953981577556,0.12413692673196021,0.17333947773143807,0.46777440913120666,0.1978899517745189,0.17909226190476188,0.26414149443307056
WS-Large,refinement,6,0.5,192,0.38886987704616116,0.1177752678946332,0.13555179118486346,0.17573532849754592,0.4632683800868957,0.20972681166830454,0.1644407242063492,0.2723614018681973
WS-Large,refinement,6,0.8,192,0.3939819798427943,0.12332968663526529,0.12723246138792368,0.17495657700651815,0.47665515539431286,0.2232037216144558,0.17982390873015874,0.276006108446257
WS-Large,refinement,7,0.5,192,0.39303682304619353,0.12462204356096349,0.13238268245261436,0.17289328885111618,0.4779343185452247,0.21085884404391145,0.17562003968253967,0.2907912888098048
WS-Large,refinement,7,0.8,192,0.3911190336470134,0.12234120398056292,0.1302411502159992,0.17634104387491176,0.4723750445146054,0.21206357004400406,0.16924603174603173,0.274355042119915
WS-Large (Graph),accumulation,0,,192,0.3609554283466367,0.10678811114403264,0.1103251919245612,0.15443328140094506,0.3940169128540025,0.21854027593073994,0.14029637896825398,0.235815888071689
WS-Large (Graph),accumulation,1,,192,0.34693005888788536,0.10285806858029174,0.08046138563599504,0.13181153387748185,0.3691632220827554,0.22808527606258053,0.11057787698412698,0.23120145627649824
WS-Large (Graph),accumulation,2,,192,0.3507165393432989,0.07430544936336254,0.06420030093049399,0.09773891298297985,0.38855305158953835,0.18956653267196893,0.1017423115079365,0.16676110657289853
WS-Large (Graph),accumulation,3,,192,0.3387859069377935,0.08385040749246056,0.0736423798091848,0.11997515628031316,0.3472831635094158,0.19836955561077763,0.09359499007936507,0.18126333122378582
WS-Large (Graph),accumulation,4,,192,0.35355413726845103,0.10601682381960317,0.09209112932581869,0.13910339071506372,0.39658119058165636,0.20857388092812496,0.12112475198412698,0.22714028059852223
WS-Large (Graph),accumulation,5,,192,0.3540613272287434,0.10151502281025578,0.08502943795369707,0.13865730001895643,0.40307966765820485,0.20765980488334554,0.1134672619047619,0.20923061128245346
WS-Large (Graph),accumulation,6,,192,0.3484566369991953,0.096978292894701,0.09221816808553995,0.14013327410818271,0.39120618537109064,0.21341366007340537,0.09752604166666667,0.2014042129593064
WS-Large (Graph),accumulation,7,,192,0.3498397217196201,0.09237117308049758,0.08953776875591858,0.14110388811774194,0.38143698468643167,0.20035852891587141,0.1023065476190476,0.18816712414207667
WS-Large (Graph),refinement,0,0.5,192,0.3609554283466367,0.10678811114403264,0.1103251919245612,0.15443328140094506,0.3940169128540025,0.21854027593073994,0.14029637896825398,0.235815888071689
WS-Large (Graph),refinement,0,0.8,192,0.3609554283466367,0.10678811114403264,0.1103251919245612,0.15443328140094506,0.3940169128540025,0.21854027593073994,0.14029637896825398,0.235815888071689
WS-Large (Graph),refinement,1,0.5,192,0.3646562790140193,0.10311747832030081,0.11339629557903919,0.15333877937139714,0.41558434692475016,0.21088553307139113,0.13879588293650794,0.230105867384153
WS-Large (Graph),refinement,1,0.8,192,0.3642672384885715,0.10295113768658434,0.10849540823651187,0.1526837943193394,0.4130743493982317,0.2114458340566122,0.13216145833333334,0.22989466108604525
WS-Large (Graph),refinement,2,0.5,192,0.3663291592148263,0.09838816424890322,0.11454468992375022,0.1578519990043145,0.4338878794905199,0.19500339691807272,0.12513020833333333,0.21012203077382904
WS-Large (Graph),refinement,2,0.8,192,0.3714357468706049,0.11422372278159097,0.11229654706103219,0.15554069983583677,0.4168995750212147,0.21025359140077243,0.1571924603174603,0.2618496755755171
WS-Large (Graph),refinement,3,0.5,192,0.36995228384962564,0.10247066858626241,0.11392297688833382,0.15697754792203844,0.44360489425837724,0.19358950167455827,0.14009796626984128,0.23826106198510616
WS-Large (Graph),refinement,3,0.8,192,0.3687615289571083,0.10940350319638505,0.11319519117936962,0.1578038158614918,0.40682784589422766,0.19848656420156655,0.15034722222222222,0.24355379111315079
WS-Large (Graph),refinement,4,0.5,192,0.36496971589583455,0.0995490615774162,0.10931536902776147,0.15752259132622032,0.43717031153869845,0.18706902092740438,0.13131820436507935,0.20382346407342133
WS-Large (Graph),refinement,4,0.8,192,0.37347283137451903,0.11440931763769316,0.11417279546443071,0.15960873527278369,0.429698814541805,0.19921430011006883,0.15679563492063492,0.2605904624205683
WS-Large (Graph),refinement,5,0.5,192,0.3694443335203133,0.09478294192288626,0.11236035506183929,0.15547133546094502,0.4345939128654333,0.17896816190532305,0.15076884920634917,0.2172025080208054
WS-Large (Graph),refinement,5,0.8,192,0.37181954775391146,0.11147950370895933,0.11246723274186125,0.15597512610655567,0.42461001447282704,0.20031143256400596,0.15276537698412698,0.2594490041293639
WS-Large (Graph),refinement,6,0.5,192,0.3687439335848617,0.10165838905461494,0.11288191258199465,0.1553433134717196,0.4294419551541533,0.19321486409290703,0.14832589285714284,0.2330499527111075
WS-Large (Graph),refinement,6,0.8,192,0.3701553771344934,0.11259338328508155,0.11885988010132857,0.16814045264610222,0.4285963931256022,0.19959565012317926,0.1403955853174603,0.24905211607768798
WS-Large (Graph),refinement,7,0.5,192,0.367008578929831,0.10016424677504464,0.11148500954946815,0.15680172010011442,0.4280315419275304,0.19239559004373225,0.15009300595238095,0.2338385674508769
WS-Large (Graph),refinement,7,0.8,192,0.37106184012391125,0.11126622015964122,0.11063138839922337,0.15434008731107318,0.4207770013505696,0.2068103000165752,0.14995039682539682,0.25216417430890087
